Date,GRP (OOH),PPC Spend,Display Spend,email Spend
1-Jan-08," $118,500 "," $1,890 "," $1,491 "," $1,275 "
2-Jan-08," $82,500 "," $2,273 "," $1,272 ", $720 
3-Jan-08," $159,000 "," $1,710 "," $1,426 ", $660 
4-Jan-08," $153,000 "," $1,980 "," $1,410 ", $750 
5-Jan-08," $123,000 "," $2,160 "," $1,166 ", $555 
6-Jan-08," $138,000 "," $1,733 "," $1,085 ", $713 
7-Jan-08," $124,500 "," $1,935 "," $1,283 ", $660 
8-Jan-08," $148,500 "," $3,825 "," $1,219 ", $728 
9-Jan-08," $135,000 "," $2,160 "," $1,268 ", $773 
10-Jan-08," $133,500 "," $1,980 "," $1,321 ", $480 
11-Jan-08," $123,000 "," $2,250 "," $1,449 ", $735 
12-Jan-08," $108,000 "," $1,665 "," $1,434 ", $623 
13-Jan-08," $138,000 "," $2,138 "," $1,246 ", $713 
14-Jan-08," $171,000 "," $1,980 "," $1,334 ", $713 
15-Jan-08," $118,500 "," $2,183 "," $1,018 ", $615 
16-Jan-08," $103,500 "," $2,318 "," $1,020 ", $540 
17-Jan-08," $111,000 "," $1,440 "," $1,219 ", $675 
18-Jan-08," $129,000 "," $2,205 "," $1,118 ", $690 
19-Jan-08," $153,000 "," $1,868 "," $1,422 ", $623 
20-Jan-08," $121,500 "," $2,138 "," $1,095 ", $758 
21-Jan-08," $129,000 "," $2,138 "," $1,018 ", $788 
22-Jan-08," $111,000 "," $1,845 "," $1,437 ", $698 
23-Jan-08," $142,500 "," $1,620 "," $1,037 ", $638 
24-Jan-08," $115,500 "," $2,025 "," $1,498 ", $765 
25-Jan-08," $148,500 "," $2,070 "," $1,022 ", $593 
26-Jan-08," $132,000 "," $1,868 "," $1,252 ", $413 
27-Jan-08," $139,500 "," $2,273 "," $1,491 ", $795 
28-Jan-08," $148,500 "," $2,363 "," $1,151 ", $765 
29-Jan-08," $109,500 "," $2,093 "," $1,370 ", $615 
30-Jan-08," $87,000 "," $1,913 "," $1,317 ", $690 
31-Jan-08," $103,500 "," $2,295 "," $1,352 ", $623 
1-Feb-08," $84,000 "," $1,778 "," $1,041 ", $743 
2-Feb-08," $108,000 "," $1,238 "," $1,110 ", $675 
3-Feb-08," $114,000 "," $2,385 "," $1,064 ", $668 
4-Feb-08," $165,000 "," $2,295 "," $1,064 ", $615 
5-Feb-08," $156,000 "," $1,845 "," $1,140 ", $540 
6-Feb-08," $127,500 "," $2,070 "," $1,304 ", $690 
7-Feb-08," $123,000 "," $1,868 "," $1,035 ", $855 
8-Feb-08," $117,000 "," $2,228 "," $1,307 ", $593 
9-Feb-08," $145,500 "," $2,025 "," $1,270 ", $518 
10-Feb-08," $142,500 "," $2,003 "," $1,372 ", $555 
11-Feb-08," $114,000 "," $1,845 "," $1,310 ", $645 
12-Feb-08," $103,500 "," $1,620 "," $1,228 ", $765 
13-Feb-08," $160,500 "," $2,070 "," $1,249 ", $608 
14-Feb-08," $148,500 "," $2,565 "," $1,178 ", $645 
15-Feb-08," $142,500 "," $1,778 "," $1,453 ", $555 
16-Feb-08," $154,500 "," $1,553 "," $1,290 ", $713 
17-Feb-08," $129,000 "," $1,665 "," $1,278 ", $578 
18-Feb-08," $129,000 "," $1,935 "," $1,357 ", $743 
19-Feb-08," $175,500 "," $2,295 "," $1,147 ", $660 
20-Feb-08," $151,500 "," $1,823 "," $1,433 ", $698 
21-Feb-08," $130,500 "," $1,935 "," $1,261 ", $743 
22-Feb-08," $129,000 "," $1,665 "," $1,302 ", $548 
23-Feb-08," $144,000 "," $2,138 "," $1,149 ", $435 
24-Feb-08," $124,500 "," $1,733 "," $1,421 ", $518 
25-Feb-08," $112,500 "," $2,228 "," $1,138 ", $420 
26-Feb-08," $141,000 "," $1,980 "," $1,141 ", $540 
27-Feb-08," $171,000 "," $2,093 "," $1,121 ", $570 
28-Feb-08," $168,000 "," $2,228 "," $1,224 ", $825 
29-Feb-08," $142,500 "," $1,643 "," $1,408 ", $780 
1-Mar-08," $35,500 "," $1,305 "," $1,308 ", $638 
2-Mar-08," $17,500 "," $1,553 "," $1,295 ", $615 
3-Mar-08," $31,500 "," $1,260 "," $1,275 ", $585 
4-Mar-08," $15,250 "," $1,620 "," $1,118 ", $728 
5-Mar-08," $30,250 "," $1,710 "," $1,119 ", $713 
6-Mar-08," $19,750 "," $2,475 "," $1,237 ", $570 
7-Mar-08," $52,000 "," $2,340 "," $1,260 ", $518 
8-Mar-08," $69,000 "," $1,913 "," $1,078 ", $803 
9-Mar-08," $31,000 "," $1,845 "," $1,440 ", $743 
10-Mar-08," $31,500 "," $1,755 "," $1,458 ", $713 
11-Mar-08," $69,250 "," $2,183 "," $1,360 ", $773 
12-Mar-08," $75,000 "," $2,138 "," $1,206 ", $645 
13-Mar-08," $33,750 "," $1,710 "," $1,180 ", $645 
14-Mar-08," $46,250 "," $1,553 "," $1,395 ", $878 
15-Mar-08," $38,500 "," $2,408 "," $1,258 ", $758 
16-Mar-08," $34,000 "," $2,228 "," $1,419 ", $653 
17-Mar-08," $45,500 "," $2,138 "," $1,446 ", $645 
18-Mar-08," $45,750 "," $2,318 "," $1,449 ", $720 
19-Mar-08," $44,750 "," $1,935 "," $1,126 ", $623 
20-Mar-08," $46,750 "," $1,935 "," $1,407 ", $563 
21-Mar-08," $96,500 "," $2,633 "," $1,167 ", $705 
22-Mar-08," $62,750 "," $2,273 "," $1,049 ", $855 
23-Mar-08," $79,500 "," $1,958 "," $1,157 ", $840 
24-Mar-08," $60,750 "," $1,935 "," $1,095 ", $713 
25-Mar-08," $70,500 "," $2,160 "," $1,285 ", $178 
26-Mar-08," $49,250 "," $1,868 "," $1,078 ", $88 
27-Mar-08," $84,750 "," $1,688 "," $1,036 ", $158 
28-Mar-08," $59,750 "," $2,115 "," $1,039 ", $76 
29-Mar-08," $43,250 "," $2,565 "," $1,173 ", $151 
30-Mar-08," $47,250 "," $2,520 "," $1,393 ", $99 
31-Mar-08," $69,500 "," $2,138 "," $1,350 ", $260 
1-Apr-08," $34,500 ", $533 ," $1,428 ", $345 
2-Apr-08," $65,000 ", $263 ," $1,435 ", $155 
3-Apr-08," $58,750 ", $473 ," $1,498 ", $158 
4-Apr-08," $43,500 ", $229 ," $1,327 ", $346 
5-Apr-08," $55,250 ", $454 ," $1,165 ", $375 
6-Apr-08," $59,500 ", $296 ," $1,268 ", $169 
7-Apr-08," $43,250 ", $780 ," $1,373 ", $231 
8-Apr-08," $39,500 "," $1,035 "," $1,066 ", $193 
9-Apr-08," $71,250 ", $465 ," $1,269 ", $170 
10-Apr-08," $39,000 ", $473 ," $1,123 ", $228 
11-Apr-08," $105,750 "," $1,039 "," $1,338 ", $229 
12-Apr-08," $43,500 "," $1,125 "," $1,307 ", $224 
13-Apr-08," $38,750 ", $506 ," $1,409 ", $234 
14-Apr-08," $28,000 ", $694 ," $1,267 ", $483 
15-Apr-08," $75,750 ", $578 ," $1,291 ", $314 
16-Apr-08," $42,000 ", $510 ," $1,045 ", $398 
17-Apr-08," $50,500 ", $683 ," $1,492 ", $304 
18-Apr-08," $46,000 ", $686 ," $1,441 ", $353 
19-Apr-08," $53,500 ", $671 ," $1,062 ", $246 
20-Apr-08," $36,000 ", $701 ," $1,183 ", $424 
21-Apr-08," $43,750 "," $1,448 "," $1,225 ", $299 
22-Apr-08," $58,000 ", $941 ," $1,211 ", $216 
23-Apr-08," $42,750 "," $1,193 "," $1,053 ", $236 
24-Apr-08," $91,000 ", $911 ," $1,016 ", $348 
25-Apr-08," $49,750 "," $1,058 "," $1,322 ", $173 
26-Apr-08," $51,500 ", $739 ," $1,288 ", $325 
27-Apr-08," $76,750 "," $1,271 "," $1,361 ", $294 
28-Apr-08," $27,500 ", $896 ," $1,114 ", $218 
29-Apr-08," $43,500 ", $649 ," $1,095 ", $276 
30-Apr-08," $43,500 ", $709 ," $1,271 ", $298 
1-May-08," $59,750 "," $1,043 "," $1,356 ", $216 
2-May-08," $60,000 ", $518 ," $1,052 ", $198 
3-May-08," $43,000 ", $975 ," $1,369 ", $356 
4-May-08," $33,750 ", $881 ," $1,386 ", $195 
5-May-08," $32,250 ", $653 ," $1,289 ", $529 
6-May-08," $47,750 ", $829 ," $1,394 ", $218 
7-May-08," $58,750 ", $893 ," $1,167 ", $194 
8-May-08," $35,500 ", $649 ," $1,441 ", $140 
9-May-08," $67,250 ", $593 ," $1,447 ", $379 
10-May-08," $44,500 "," $1,069 "," $1,369 ", $210 
11-May-08," $57,000 ", $585 ," $1,017 ", $253 
12-May-08," $69,250 "," $1,586 "," $1,254 ", $230 
13-May-08," $69,750 ", $653 ," $1,063 ", $268 
14-May-08," $65,250 ", $581 ," $1,047 ", $180 
15-May-08," $60,250 ", $420 ," $1,485 ", $219 
16-May-08," $17,000 "," $1,136 "," $1,127 ", $290 
17-May-08," $37,750 ", $630 ," $1,231 ", $214 
18-May-08," $17,500 ", $758 ," $1,380 ", $455 
19-May-08," $22,250 ", $690 ," $1,027 ", $249 
20-May-08," $94,500 ", $803 ," $1,189 ", $258 
21-May-08," $56,500 ", $540 ," $1,203 ", $384 
22-May-08," $56,750 ", $656 ," $1,266 ", $138 
23-May-08," $74,250 ", $870 ," $1,490 ", $218 
24-May-08," $50,000 ", $641 ," $1,184 ", $218 
25-May-08," $43,750 "," $1,365 "," $1,355 ", $299 
26-May-08," $84,000 ", $746 ," $1,151 ", $300 
27-May-08," $59,750 ", $773 ," $1,411 ", $215 
28-May-08," $46,000 "," $1,151 "," $1,020 ", $169 
29-May-08," $82,000 ", $413 ," $1,377 ", $161 
30-May-08," $66,000 ", $653 ," $1,289 ", $239 
31-May-08," $10,750 ", $653 ," $1,352 ", $294 
1-Jun-08," $7,500 ", $896 ," $1,476 ", $178 
2-Jun-08," $7,250 ", $900 ," $1,261 ", $336 
3-Jun-08," $7,500 ", $645 ," $1,314 ", $223 
4-Jun-08," $7,750 ", $506 ," $1,426 ", $285 
5-Jun-08," $6,500 ", $484 ," $1,249 ", $346 
6-Jun-08," $8,250 ", $716 ," $1,127 ", $349 
7-Jun-08," $7,250 ", $881 ," $1,084 ", $326 
8-Jun-08," $8,750 ", $533 ," $1,065 ", $301 
9-Jun-08," $7,500 "," $1,009 "," $1,028 ", $85 
10-Jun-08," $6,250 ", $668 ," $1,461 ", $189 
11-Jun-08," $8,000 ", $855 ," $1,353 ", $88 
12-Jun-08," $9,500 "," $1,039 "," $1,370 ", $111 
13-Jun-08," $8,750 "," $1,046 "," $1,262 ", $473 
14-Jun-08," $8,250 ", $979 ," $1,445 ", $283 
15-Jun-08," $7,500 ", $904 ," $1,384 ", $284 
16-Jun-08," $6,000 ", $255 ," $1,246 ", $371 
17-Jun-08," $8,750 ", $566 ," $1,295 ", $250 
18-Jun-08," $10,500 ", $263 ," $1,371 ", $219 
19-Jun-08," $7,500 ", $334 ," $1,008 ", $420 
20-Jun-08," $7,000 "," $1,418 "," $1,184 ", $299 
21-Jun-08," $9,250 ", $848 ," $1,477 ", $230 
22-Jun-08," $7,000 ", $851 ," $1,143 ", $410 
23-Jun-08," $8,500 "," $1,114 "," $1,477 ", $330 
24-Jun-08," $9,500 ", $750 ," $1,174 ", $54 
25-Jun-08," $8,500 ", $656 ," $1,178 ", $38 
26-Jun-08," $11,250 "," $1,260 "," $1,226 ", $36 
27-Jun-08," $6,000 ", $896 ," $1,351 ", $38 
28-Jun-08," $9,500 ", $690 ," $1,025 ", $39 
29-Jun-08," $10,750 "," $1,230 "," $1,059 ", $33 
30-Jun-08," $9,750 ", $990 ," $1,102 ", $41 
1-Jul-08," $8,000 ", $161 ," $1,197 ", $36 
2-Jul-08," $10,000 ", $113 ," $1,317 ", $44 
3-Jul-08," $10,250 ", $109 ," $1,357 ", $38 
4-Jul-08," $9,750 ", $113 ," $1,500 ", $31 
5-Jul-08," $9,000 ", $116 ," $1,230 ", $40 
6-Jul-08," $10,000 ", $98 ," $1,368 ", $48 
7-Jul-08," $8,500 ", $124 ," $1,019 ", $44 
8-Jul-08," $7,000 ", $109 ," $1,296 ", $41 
9-Jul-08," $6,000 ", $131 ," $1,118 ", $38 
10-Jul-08," $5,750 ", $113 ," $1,202 ", $30 
11-Jul-08," $6,500 ", $94 ," $1,391 ", $44 
12-Jul-08," $8,500 ", $120 ," $1,272 ", $53 
13-Jul-08," $9,500 ", $143 ," $1,193 ", $38 
14-Jul-08," $8,500 ", $131 ," $1,500 ", $35 
15-Jul-08," $6,500 ", $124 ," $1,395 ", $46 
16-Jul-08," $8,000 ", $113 ," $1,465 ", $35 
17-Jul-08," $10,500 ", $90 ," $1,061 ", $43 
18-Jul-08," $9,250 ", $131 ," $1,438 ", $48 
19-Jul-08," $8,250 ", $158 ," $1,262 ", $43 
20-Jul-08," $9,250 ", $113 ," $1,424 ", $56 
21-Jul-08," $6,500 ", $105 ," $1,354 ", $30 
22-Jul-08," $7,750 ", $139 ," $1,068 ", $48 
23-Jul-08," $6,500 ", $105 ," $1,217 ", $54 
24-Jul-08," $10,000 ", $128 ," $1,459 ", $49 
25-Jul-08," $7,250 ", $143 ," $1,096 ", $40 
26-Jul-08," $8,000 ", $128 ," $1,045 ", $50 
27-Jul-08," $9,250 ", $169 ," $1,324 ", $51 
28-Jul-08," $9,250 ", $90 ," $1,121 ", $49 
29-Jul-08," $7,250 ", $143 ," $1,073 ", $45 
30-Jul-08," $8,500 ", $161 ," $1,482 ", $50 
31-Jul-08," $4,250 ", $146 ," $1,053 ", $43 
1-Aug-08," $9,000 ", $120 ," $1,176 ", $35 
2-Aug-08," $8,250 ", $150 ," $1,336 ", $30 
3-Aug-08," $8,500 ", $154 ," $1,465 ", $29 
4-Aug-08," $7,500 ", $146 ," $1,079 ", $33 
5-Aug-08," $8,000 ", $135 ," $1,364 ", $43 
6-Aug-08," $6,750 ", $150 ," $1,160 ", $48 
7-Aug-08," $12,000 ", $128 ," $1,414 ", $43 
8-Aug-08," $8,250 ", $105 ," $1,275 ", $33 
9-Aug-08," $9,500 ", $90 ," $1,297 ", $40 
10-Aug-08," $8,000 ", $86 ," $1,224 ", $53 
11-Aug-08," $8,250 ", $98 ," $1,096 ", $46 
12-Aug-08," $9,750 ", $128 ," $1,453 ", $41 
13-Aug-08," $9,500 ", $143 ," $1,058 ", $46 
14-Aug-08," $8,000 ", $128 ," $1,415 ", $33 
15-Aug-08," $9,250 ", $98 ," $1,275 ", $39 
16-Aug-08," $9,000 ", $120 ," $1,415 ", $33 
17-Aug-08," $6,750 ", $158 ," $1,359 ", $50 
18-Aug-08," $7,250 ", $139 ," $1,151 ", $36 
19-Aug-08," $9,250 ", $124 ," $1,205 ", $40 
20-Aug-08," $5,750 ", $139 ," $1,010 ", $46 
21-Aug-08," $9,750 ", $98 ," $1,368 ", $46 
22-Aug-08," $5,750 ", $116 ," $1,371 ", $36 
23-Aug-08," $7,500 ", $98 ," $1,228 ", $43 
24-Aug-08," $5,750 ", $150 ," $1,194 ", $21 
25-Aug-08," $8,500 ", $109 ," $1,143 ", $45 
26-Aug-08," $8,000 ", $120 ," $1,237 ", $41 
27-Aug-08," $9,500 ", $139 ," $1,105 ", $43 
28-Aug-08," $6,750 ", $139 ," $1,149 ", $38 
29-Aug-08," $8,750 ", $109 ," $1,431 ", $40 
30-Aug-08," $4,250 ", $128 ," $1,307 ", $34 
31-Aug-08," $106,500 ", $64 ," $1,418 ", $60 
1-Sep-08," $92,000 ", $135 ," $1,254 ", $41 
2-Sep-08," $98,000 ", $124 ," $1,337 ", $48 
3-Sep-08," $136,000 ", $128 ," $1,311 ", $40 
4-Sep-08," $89,000 ", $113 ," $1,191 ", $41 
5-Sep-08," $94,500 ", $120 ," $1,336 ", $49 
6-Sep-08," $91,000 ", $101 ," $1,374 ", $48 
7-Sep-08," $97,000 ", $180 ," $1,464 ", $40 
8-Sep-08," $102,500 ", $124 ," $1,020 ", $46 
9-Sep-08," $104,000 ", $143 ," $1,066 ", $45 
10-Sep-08," $97,500 ", $120 ," $1,284 ", $34 
11-Sep-08," $79,000 ", $124 ," $1,177 ", $36 
12-Sep-08," $74,500 ", $146 ," $1,284 ", $46 
13-Sep-08," $138,500 ", $143 ," $1,269 ", $29 
14-Sep-08," $79,000 ", $120 ," $1,304 ", $49 
15-Sep-08," $110,000 ", $139 ," $1,275 ", $29 
16-Sep-08," $141,000 ", $135 ," $1,072 ", $38 
17-Sep-08," $86,000 ", $101 ," $1,467 ", $29 
18-Sep-08," $82,000 ", $109 ," $1,258 ", $43 
19-Sep-08," $82,000 ", $139 ," $1,148 ", $40 
20-Sep-08," $67,500 ", $86 ," $1,076 ", $48 
21-Sep-08," $75,000 ", $146 ," $1,109 ", $34 
22-Sep-08," $119,000 ", $86 ," $1,196 ", $44 
23-Sep-08," $126,000 ", $113 ," $1,470 ", $21 
24-Sep-08," $100,000 ", $86 ," $1,416 ", $533 
25-Sep-08," $85,500 ", $128 ," $1,174 ", $460 
26-Sep-08," $78,500 ", $120 ," $1,098 ", $490 
27-Sep-08," $82,500 ", $143 ," $1,305 ", $680 
28-Sep-08," $44,500 ", $101 ," $1,122 ", $445 
29-Sep-08," $80,500 ", $131 ," $1,235 ", $473 
30-Sep-08," $100,000 ", $64 ," $1,360 ", $455 
1-Oct-08," $75,500 "," $1,598 "," $1,419 ", $485 
2-Oct-08," $110,500 "," $1,380 "," $1,037 ", $513 
3-Oct-08," $106,500 "," $1,470 "," $1,067 ", $520 
4-Oct-08," $73,500 "," $2,040 "," $1,024 ", $488 
5-Oct-08," $94,500 "," $1,335 "," $1,472 ", $395 
6-Oct-08," $88,000 "," $1,418 "," $1,329 ", $373 
7-Oct-08," $86,500 "," $1,365 "," $1,371 ", $693 
8-Oct-08," $62,500 "," $1,455 "," $1,421 ", $395 
9-Oct-08," $91,500 "," $1,538 "," $1,371 ", $550 
10-Oct-08," $112,000 "," $1,560 "," $1,324 ", $705 
11-Oct-08," $114,500 "," $1,463 "," $1,450 ", $430 
12-Oct-08," $103,000 "," $1,185 "," $1,223 ", $410 
13-Oct-08," $51,000 "," $1,118 "," $1,037 ", $410 
14-Oct-08," $114,500 "," $2,078 "," $1,048 ", $338 
15-Oct-08," $94,000 "," $1,185 "," $1,165 ", $375 
16-Oct-08," $56,000 "," $1,650 "," $1,046 ", $595 
17-Oct-08," $111,000 "," $2,115 "," $1,081 ", $630 
18-Oct-08," $108,000 "," $1,290 "," $1,340 ", $500 
19-Oct-08," $104,500 "," $1,230 "," $1,186 ", $428 
20-Oct-08," $87,500 "," $1,230 "," $1,155 ", $393 
21-Oct-08," $116,500 "," $1,013 "," $1,258 ", $413 
22-Oct-08," $109,000 "," $1,125 "," $1,271 ", $223 
23-Oct-08," $86,500 "," $1,785 "," $1,485 ", $403 
24-Oct-08," $87,000 "," $1,890 "," $1,248 ", $500 
25-Oct-08," $68,500 "," $1,500 "," $1,134 ", $378 
26-Oct-08," $72,000 "," $1,283 "," $1,192 ", $553 
27-Oct-08," $79,000 "," $1,178 "," $1,248 ", $533 
28-Oct-08," $110,000 "," $1,238 "," $1,316 ", $368 
29-Oct-08," $63,000 ", $668 ," $1,074 ", $473 
30-Oct-08," $92,500 "," $1,208 "," $1,426 ", $440 
31-Oct-08," $62,500 "," $1,500 "," $1,266 ", $433 
1-Nov-08," $65,000 "," $1,133 "," $1,478 ", $313 
2-Nov-08," $92,500 "," $1,658 "," $1,191 ", $458 
3-Nov-08," $84,000 "," $1,598 "," $1,017 ", $560 
4-Nov-08," $59,500 "," $1,103 "," $1,275 ", $573 
5-Nov-08," $52,000 "," $1,418 "," $1,403 ", $515 
6-Nov-08," $95,000 "," $1,320 "," $1,155 ", $255 
7-Nov-08," $91,000 "," $1,298 "," $1,155 ", $573 
8-Nov-08," $78,000 ", $938 ," $1,338 ", $470 
9-Nov-08," $64,500 "," $1,373 "," $1,052 ", $280 
10-Nov-08," $65,500 "," $1,680 "," $1,306 ", $555 
11-Nov-08," $64,000 "," $1,718 "," $1,352 ", $540 
12-Nov-08," $109,500 "," $1,545 "," $1,175 ", $523 
13-Nov-08," $98,000 ", $765 ," $1,342 ", $438 
14-Nov-08," $56,500 "," $1,718 "," $1,378 ", $583 
15-Nov-08," $75,500 "," $1,410 "," $1,326 ", $545 
16-Nov-08," $84,000 ", $840 ," $1,094 ", $433 
17-Nov-08," $71,000 "," $1,665 "," $1,000 ", $435 
18-Nov-08," $78,000 "," $1,620 "," $1,195 ", $343 
19-Nov-08," $60,500 "," $1,568 "," $1,209 ", $360 
20-Nov-08," $81,000 "," $1,313 "," $1,419 ", $395 
21-Nov-08," $104,500 "," $1,748 "," $1,082 ", $550 
22-Nov-08," $100,500 "," $1,635 "," $1,437 ", $315 
23-Nov-08," $78,500 "," $1,298 "," $1,486 ", $463 
24-Nov-08," $159,000 "," $1,305 "," $1,005 ", $313 
25-Nov-08," $122,500 "," $1,028 "," $1,455 ", $325 
26-Nov-08," $116,000 "," $1,080 "," $1,121 ", $463 
27-Nov-08," $115,000 "," $1,185 "," $1,114 ", $420 
28-Nov-08," $98,500 "," $1,650 "," $1,176 ", $298 
29-Nov-08," $106,000 ", $945 ," $1,031 ", $260 
30-Nov-08," $100,000 "," $1,388 "," $1,484 ", $475 
1-Dec-08," $126,000 ", $938 ," $1,095 ", $455 
2-Dec-08," $106,500 ", $975 ," $1,103 ", $390 
3-Dec-08," $127,500 "," $1,388 "," $1,135 ", $323 
4-Dec-08," $139,500 "," $1,260 "," $1,173 ", $328 
5-Dec-08," $147,000 ", $893 ," $1,055 ", $320 
6-Dec-08," $114,000 ", $780 ," $1,075 ", $548 
7-Dec-08," $135,000 "," $1,425 "," $1,347 ", $490 
8-Dec-08," $96,000 "," $1,365 "," $1,495 ", $283 
9-Dec-08," $130,500 "," $1,170 "," $1,489 ", $378 
10-Dec-08," $154,500 ", $968 ," $1,442 ", $420 
11-Dec-08," $154,500 ", $983 ," $1,386 ", $355 
12-Dec-08," $90,000 ", $960 ," $1,249 ", $390 
13-Dec-08," $147,000 "," $1,643 "," $1,267 ", $303 
14-Dec-08," $153,000 "," $1,470 "," $1,018 ", $405 
15-Dec-08," $144,000 ", $848 ," $1,107 ", $523 
16-Dec-08," $136,500 "," $1,133 "," $1,293 ", $503 
17-Dec-08," $93,000 "," $1,260 "," $1,140 ", $393 
18-Dec-08," $165,000 "," $1,065 "," $1,372 ", $795 
19-Dec-08," $144,000 "," $1,170 "," $1,289 ", $613 
20-Dec-08," $129,000 ", $908 ," $1,133 ", $580 
21-Dec-08," $165,000 "," $1,215 "," $1,305 ", $575 
22-Dec-08," $114,000 "," $1,568 "," $1,460 ", $493 
23-Dec-08," $111,000 "," $1,508 "," $1,417 ", $530 
24-Dec-08," $126,000 "," $1,178 "," $1,160 ", $500 
25-Dec-08," $139,500 "," $2,385 "," $1,470 ", $630 
26-Dec-08," $126,000 "," $1,838 "," $1,441 ", $533 
27-Dec-08," $118,500 "," $1,740 "," $1,327 ", $638 
28-Dec-08," $166,500 "," $1,725 "," $1,199 ", $698 
29-Dec-08," $126,000 "," $1,478 "," $1,467 ", $735 
30-Dec-08," $141,000 "," $1,590 "," $1,435 ", $570 
31-Dec-08," $183,000 "," $1,500 "," $1,296 ", $675 
1-Jan-09, $-   ," $1,890 "," $1,323 ", $480 
2-Jan-09, $-   ," $1,598 "," $1,110 ", $653 
3-Jan-09, $-   ," $1,913 "," $1,155 ", $773 
4-Jan-09, $-   ," $2,093 "," $1,376 ", $773 
5-Jan-09," $51,000 "," $2,205 "," $1,301 ", $450 
6-Jan-09," $148,500 "," $1,710 "," $1,313 ", $735 
7-Jan-09," $160,500 "," $2,025 "," $1,149 ", $765 
8-Jan-09," $169,500 "," $1,440 "," $1,086 ", $720 
9-Jan-09," $162,000 "," $1,958 "," $1,373 ", $683 
10-Jan-09," $201,000 "," $2,318 "," $1,432 ", $465 
11-Jan-09," $180,000 "," $2,318 "," $1,038 ", $825 
12-Jan-09," $159,000 "," $1,350 "," $1,106 ", $720 
13-Jan-09," $160,500 "," $2,205 "," $1,274 ", $645 
14-Jan-09," $168,000 "," $2,295 "," $1,377 ", $825 
15-Jan-09," $148,500 "," $2,160 "," $1,401 ", $570 
16-Jan-09," $157,500 "," $2,048 "," $1,253 ", $555 
17-Jan-09," $157,500 "," $1,395 "," $1,399 ", $630 
18-Jan-09," $178,500 "," $2,475 "," $1,025 ", $698 
19-Jan-09," $150,000 "," $2,160 "," $1,193 ", $630 
20-Jan-09," $142,500 "," $1,935 "," $1,500 ", $593 
21-Jan-09," $160,500 "," $2,475 "," $1,042 ", $833 
22-Jan-09," $150,000 "," $1,710 "," $1,471 ", $630 
23-Jan-09," $163,500 "," $1,665 "," $1,496 ", $705 
24-Jan-09," $165,000 "," $1,890 "," $1,255 ", $915 
25-Jan-09," $174,000 "," $2,093 "," $1,487 ", $-   
26-Jan-09," $136,500 "," $1,890 "," $1,198 ", $-   
27-Jan-09," $150,000 "," $1,778 "," $1,343 ", $-   
28-Jan-09," $169,500 "," $2,498 "," $1,150 ", $-   
29-Jan-09," $76,500 "," $1,890 "," $1,171 ", $255 
30-Jan-09," $79,500 "," $2,115 "," $1,252 ", $743 
31-Jan-09," $87,000 "," $2,745 "," $1,177 ", $803 
1-Feb-09," $96,000 ", $-   ," $1,291 ", $848 
2-Feb-09," $138,000 ", $-   ," $1,341 ", $810 
3-Feb-09," $135,000 ", $-   ," $1,214 "," $1,005 "
4-Feb-09," $148,500 ", $-   ," $1,343 ", $900 
5-Feb-09," $139,500 ", $765 ," $1,457 ", $795 
6-Feb-09," $115,500 "," $2,228 "," $1,390 ", $803 
7-Feb-09," $147,000 "," $2,408 "," $1,314 ", $840 
8-Feb-09," $156,000 "," $2,543 "," $1,307 ", $743 
9-Feb-09," $124,500 "," $2,430 "," $1,101 ", $788 
10-Feb-09," $150,000 "," $3,015 "," $1,303 ", $788 
11-Feb-09," $153,000 "," $2,700 "," $1,443 ", $893 
12-Feb-09," $124,500 "," $2,385 "," $1,217 ", $750 
13-Feb-09," $109,500 "," $2,408 "," $1,062 ", $713 
14-Feb-09," $121,500 "," $2,520 "," $1,174 ", $803 
15-Feb-09," $139,500 "," $2,228 "," $1,289 ", $750 
16-Feb-09," $126,000 "," $2,363 "," $1,324 ", $818 
17-Feb-09," $123,000 "," $2,363 "," $1,371 ", $825 
18-Feb-09," $130,500 "," $2,678 "," $1,182 ", $870 
19-Feb-09," $165,000 "," $2,250 "," $1,106 ", $683 
20-Feb-09," $157,500 "," $2,138 "," $1,247 ", $750 
21-Feb-09," $130,500 "," $2,408 "," $1,489 ", $848 
22-Feb-09," $127,500 "," $2,250 "," $1,454 ", $383 
23-Feb-09," $132,000 "," $2,453 "," $1,477 ", $398 
24-Feb-09," $115,500 "," $2,475 "," $1,126 ", $435 
25-Feb-09," $103,500 "," $2,610 "," $1,303 ", $480 
26-Feb-09," $139,500 "," $2,048 "," $1,377 ", $690 
27-Feb-09," $142,500 "," $2,250 "," $1,434 ", $675 
28-Feb-09," $157,500 "," $2,543 "," $1,333 ", $743 
1-Mar-09," $40,250 "," $1,148 "," $1,251 ", $698 
2-Mar-09," $75,000 "," $1,193 "," $1,196 ", $578 
3-Mar-09," $66,500 "," $1,305 "," $1,478 ", $735 
4-Mar-09," $36,750 "," $1,440 "," $1,046 ", $780 
5-Mar-09," $43,250 "," $2,070 "," $1,370 ", $623 
6-Mar-09," $47,250 "," $2,025 "," $1,014 ", $750 
7-Mar-09," $35,500 "," $2,228 "," $1,480 ", $765 
8-Mar-09," $78,500 "," $2,093 "," $1,462 ", $623 
9-Mar-09," $45,500 "," $1,733 "," $1,460 ", $548 
10-Mar-09," $22,250 "," $2,205 "," $1,168 ", $608 
11-Mar-09," $45,750 "," $2,340 "," $1,255 ", $698 
12-Mar-09," $62,500 "," $1,868 "," $1,154 ", $630 
13-Mar-09," $59,500 "," $2,250 "," $1,496 ", $615 
14-Mar-09," $38,500 "," $2,295 "," $1,347 ", $653 
15-Mar-09," $32,250 "," $1,868 "," $1,243 ", $825 
16-Mar-09," $32,000 "," $1,643 "," $1,358 ", $788 
17-Mar-09," $51,750 "," $1,823 "," $1,347 ", $653 
18-Mar-09," $38,500 "," $2,093 "," $1,270 ", $638 
19-Mar-09," $69,250 "," $1,890 "," $1,446 ", $660 
20-Mar-09," $50,000 "," $1,845 "," $1,178 ", $578 
21-Mar-09," $44,500 "," $1,958 "," $1,265 ", $518 
22-Mar-09," $88,000 "," $2,475 "," $1,071 ", $698 
23-Mar-09," $44,500 "," $2,363 "," $1,225 ", $713 
24-Mar-09," $66,250 "," $1,958 "," $1,499 ", $788 
25-Mar-09," $90,750 "," $1,913 "," $1,037 ", $201 
26-Mar-09," $80,500 "," $1,980 "," $1,306 ", $375 
27-Mar-09," $79,500 "," $1,733 "," $1,437 ", $333 
28-Mar-09," $75,000 "," $1,553 "," $1,168 ", $184 
29-Mar-09," $65,500 "," $2,093 "," $1,123 ", $216 
30-Mar-09," $71,750 "," $2,138 "," $1,353 ", $236 
31-Mar-09," $49,500 "," $2,363 "," $1,487 ", $178 
1-Apr-09," $78,000 ", $604 ," $1,223 ", $393 
2-Apr-09," $48,250 "," $1,125 "," $1,133 ", $228 
3-Apr-09," $78,000 ", $998 ," $1,254 ", $111 
4-Apr-09," $63,000 ", $551 ," $1,028 ", $229 
5-Apr-09," $45,250 ", $649 ," $1,442 ", $313 
6-Apr-09," $46,750 ", $709 ," $1,021 ", $298 
7-Apr-09," $69,500 ", $533 ," $1,077 ", $193 
8-Apr-09," $50,000 "," $1,178 "," $1,429 ", $161 
9-Apr-09," $31,750 ", $683 ," $1,137 ", $160 
10-Apr-09," $53,750 ", $334 ," $1,279 ", $259 
11-Apr-09," $80,500 ", $686 ," $1,241 ", $193 
12-Apr-09," $78,750 ", $938 ," $1,384 ", $346 
13-Apr-09," $41,250 ", $893 ," $1,086 ", $250 
14-Apr-09," $65,000 ", $578 ," $1,028 ", $223 
15-Apr-09," $55,250 ", $484 ," $1,302 ", $440 
16-Apr-09," $69,500 ", $480 ," $1,484 ", $223 
17-Apr-09," $48,500 ", $776 ," $1,161 ", $331 
18-Apr-09," $38,750 ", $578 ," $1,439 ", $454 
19-Apr-09," $78,000 "," $1,039 "," $1,139 ", $403 
20-Apr-09," $36,750 ", $750 ," $1,379 ", $398 
21-Apr-09," $64,000 ", $668 ," $1,037 ", $375 
22-Apr-09," $72,000 "," $1,320 "," $1,081 ", $328 
23-Apr-09," $14,500 ", $668 ," $1,309 ", $359 
24-Apr-09," $26,250 ", $994 ," $1,495 ", $248 
25-Apr-09," $35,500 "," $1,361 "," $1,390 ", $390 
26-Apr-09," $38,250 "," $1,208 "," $1,216 ", $241 
27-Apr-09," $35,750 "," $1,193 "," $1,178 ", $390 
28-Apr-09," $24,000 "," $1,125 "," $1,495 ", $315 
29-Apr-09," $50,500 ", $983 ," $1,328 ", $226 
30-Apr-09," $112,500 "," $1,076 "," $1,428 ", $234 
1-May-09," $35,000 ", $743 ," $1,455 ", $348 
2-May-09," $62,500 "," $1,170 "," $1,462 ", $250 
3-May-09," $43,000 ", $724 ," $1,357 ", $159 
4-May-09," $69,750 "," $1,170 "," $1,043 ", $269 
5-May-09," $46,750 ", $945 ," $1,037 ", $403 
6-May-09," $24,250 ", $679 ," $1,044 ", $394 
7-May-09," $68,000 ", $701 ," $1,091 ", $206 
8-May-09," $39,000 "," $1,043 "," $1,191 ", $325 
9-May-09," $51,500 ", $750 ," $1,034 ", $276 
10-May-09," $65,250 ", $476 ," $1,014 ", $348 
11-May-09," $29,500 ", $806 ," $1,123 ", $243 
12-May-09," $51,500 "," $1,208 "," $1,174 ", $194 
13-May-09," $62,250 "," $1,181 "," $1,460 ", $390 
14-May-09," $59,000 ", $619 ," $1,231 ", $184 
15-May-09," $30,500 ", $975 ," $1,419 ", $320 
16-May-09," $38,750 ", $829 ," $1,138 ", $360 
17-May-09," $65,000 "," $1,043 "," $1,454 ", $73 
18-May-09," $76,000 ", $728 ," $1,028 ", $131 
19-May-09," $65,750 ", $581 ," $1,269 ", $178 
20-May-09," $25,000 "," $1,170 "," $1,470 ", $191 
21-May-09," $49,000 ", $551 ," $1,453 ", $179 
22-May-09," $23,500 ", $960 ," $1,342 ", $120 
23-May-09," $15,750 "," $1,080 "," $1,143 ", $253 
24-May-09," $74,750 ", $218 ," $1,279 ", $563 
25-May-09," $46,250 ", $394 ," $1,265 ", $175 
26-May-09," $76,250 ", $533 ," $1,185 ", $313 
27-May-09," $59,500 ", $574 ," $1,425 ", $215 
28-May-09," $54,500 ", $536 ," $1,364 ", $349 
29-May-09," $49,000 ", $360 ," $1,409 ", $234 
30-May-09," $50,250 ", $758 ," $1,246 ", $121 
31-May-09," $8,750 "," $1,688 "," $1,188 ", $340 
1-Jun-09," $9,500 ", $525 ," $1,345 ", $195 
2-Jun-09," $6,000 ", $938 ," $1,091 ", $258 
3-Jun-09," $8,250 ", $645 ," $1,309 ", $326 
4-Jun-09," $7,750 "," $1,046 "," $1,095 ", $148 
5-Jun-09," $9,500 ", $701 ," $1,392 ", $258 
6-Jun-09," $6,750 ", $364 ," $1,328 ", $311 
7-Jun-09," $8,000 "," $1,020 "," $1,489 ", $295 
8-Jun-09," $5,750 ", $585 ," $1,147 ", $153 
9-Jun-09," $6,000 ", $773 ," $1,367 ", $194 
10-Jun-09," $7,500 ", $979 ," $1,013 ", $325 
11-Jun-09," $7,250 ", $443 ," $1,215 ", $380 
12-Jun-09," $9,500 ", $773 ," $1,473 ", $329 
13-Jun-09," $7,500 ", $934 ," $1,442 ", $125 
14-Jun-09," $9,000 ", $885 ," $1,024 ", $245 
15-Jun-09," $6,000 ", $458 ," $1,132 ", $118 
16-Jun-09," $5,250 ", $581 ," $1,113 ", $79 
17-Jun-09," $8,250 ", $975 ," $1,193 ", $374 
18-Jun-09," $10,000 "," $1,140 "," $1,400 ", $231 
19-Jun-09," $7,000 ", $986 ," $1,278 ", $381 
20-Jun-09," $9,500 ", $375 ," $1,090 ", $298 
21-Jun-09," $7,500 ", $735 ," $1,243 ", $273 
22-Jun-09," $6,250 ", $353 ," $1,051 ", $245 
23-Jun-09," $8,750 ", $236 ," $1,248 ", $251 
24-Jun-09," $8,000 "," $1,121 "," $1,171 ", $44 
25-Jun-09," $9,250 ", $694 ," $1,449 ", $48 
26-Jun-09," $8,750 "," $1,144 "," $1,433 ", $30 
27-Jun-09," $7,750 ", $893 ," $1,060 ", $41 
28-Jun-09," $7,500 ", $818 ," $1,462 ", $39 
29-Jun-09," $8,250 ", $735 ," $1,037 ", $48 
30-Jun-09," $8,750 ", $754 ," $1,055 ", $34 
1-Jul-09," $6,000 ", $131 ," $1,439 ", $40 
2-Jul-09," $8,250 ", $143 ," $1,086 ", $29 
3-Jul-09," $9,750 ", $90 ," $1,025 ", $30 
4-Jul-09," $5,000 ", $124 ," $1,161 ", $38 
5-Jul-09," $9,250 ", $116 ," $1,392 ", $36 
6-Jul-09," $8,000 ", $143 ," $1,124 ", $48 
7-Jul-09," $9,500 ", $101 ," $1,483 ", $38 
8-Jul-09," $9,000 ", $120 ," $1,333 ", $45 
9-Jul-09," $6,750 ", $86 ," $1,314 ", $30 
10-Jul-09," $10,750 ", $90 ," $1,174 ", $26 
11-Jul-09," $7,000 ", $113 ," $1,480 ", $41 
12-Jul-09," $8,000 ", $109 ," $1,064 ", $50 
13-Jul-09," $9,750 ", $143 ," $1,132 ", $35 
14-Jul-09," $9,500 ", $113 ," $1,393 ", $48 
15-Jul-09," $6,500 ", $135 ," $1,059 ", $38 
16-Jul-09," $7,500 ", $90 ," $1,439 ", $31 
17-Jul-09," $5,250 ", $79 ," $1,322 ", $44 
18-Jul-09," $4,750 ", $124 ," $1,213 ", $40 
19-Jul-09," $6,750 ", $150 ," $1,115 ", $46 
20-Jul-09," $6,500 ", $105 ," $1,332 ", $44 
21-Jul-09," $5,500 ", $143 ," $1,230 ", $39 
22-Jul-09," $11,250 ", $113 ," $1,127 ", $38 
23-Jul-09," $6,000 ", $94 ," $1,181 ", $41 
24-Jul-09," $6,250 ", $131 ," $1,212 ", $44 
25-Jul-09," $7,500 ", $120 ," $1,406 ", $30 
26-Jul-09," $9,750 ", $139 ," $1,133 ", $41 
27-Jul-09," $8,500 ", $131 ," $1,318 ", $49 
28-Jul-09," $7,250 ", $116 ," $1,486 ", $25 
29-Jul-09," $8,500 ", $113 ," $1,069 ", $46 
30-Jul-09," $7,500 ", $124 ," $1,469 ", $40 
31-Jul-09," $6,000 ", $131 ," $1,031 ", $48 
1-Aug-09," $5,750 ", $90 ," $1,467 ", $45 
2-Aug-09," $8,500 ", $124 ," $1,212 ", $34 
3-Aug-09," $8,750 ", $146 ," $1,330 ", $54 
4-Aug-09," $6,000 ", $75 ," $1,140 ", $35 
5-Aug-09," $6,750 ", $139 ," $1,132 ", $40 
6-Aug-09," $8,000 ", $120 ," $1,283 ", $49 
7-Aug-09," $7,250 ", $143 ," $1,156 ", $48 
8-Aug-09," $9,000 ", $135 ," $1,452 ", $33 
9-Aug-09," $6,250 ", $101 ," $1,173 ", $38 
10-Aug-09," $4,000 ", $161 ," $1,359 ", $26 
11-Aug-09," $8,250 ", $105 ," $1,365 ", $24 
12-Aug-09," $7,000 ", $120 ," $1,017 ", $34 
13-Aug-09," $5,000 ", $146 ," $1,087 ", $33 
14-Aug-09," $6,750 ", $143 ," $1,183 ", $28 
15-Aug-09," $6,250 ", $98 ," $1,428 ", $56 
16-Aug-09," $5,750 ", $113 ," $1,261 ", $30 
17-Aug-09," $9,000 ", $79 ," $1,015 ", $31 
18-Aug-09," $8,500 ", $71 ," $1,297 ", $38 
19-Aug-09," $8,000 ", $101 ," $1,477 ", $49 
20-Aug-09," $8,500 ", $98 ," $1,290 ", $43 
21-Aug-09," $7,750 ", $83 ," $1,033 ", $36 
22-Aug-09," $7,000 ", $169 ," $1,349 ", $43 
23-Aug-09," $9,250 ", $90 ," $1,279 ", $38 
24-Aug-09," $7,500 ", $94 ," $1,427 ", $30 
25-Aug-09," $7,000 ", $113 ," $1,264 ", $29 
26-Aug-09," $8,000 ", $146 ," $1,325 ", $43 
27-Aug-09," $8,750 ", $128 ," $1,331 ", $44 
28-Aug-09," $5,500 ", $109 ," $1,187 ", $30 
29-Aug-09," $9,750 ", $128 ," $1,159 ", $34 
30-Aug-09," $8,750 ", $113 ," $1,475 ", $40 
31-Aug-09," $89,500 ", $90 ," $1,092 ", $36 
1-Sep-09," $85,000 ", $86 ," $1,387 ", $45 
2-Sep-09," $98,000 ", $128 ," $1,272 ", $31 
3-Sep-09," $111,000 ", $131 ," $1,170 ", $20 
4-Sep-09," $86,500 ", $90 ," $1,068 ", $41 
5-Sep-09," $126,500 ", $101 ," $1,469 ", $35 
6-Sep-09," $121,000 ", $120 ," $1,295 ", $25 
7-Sep-09," $105,000 ", $109 ," $1,060 ", $34 
8-Sep-09," $100,500 ", $135 ," $1,227 ", $31 
9-Sep-09," $98,500 ", $94 ," $1,186 ", $29 
10-Sep-09," $104,000 ", $60 ," $1,282 ", $45 
11-Sep-09," $58,500 ", $124 ," $1,435 ", $43 
12-Sep-09," $88,000 ", $105 ," $1,365 ", $40 
13-Sep-09," $86,500 ", $75 ," $1,112 ", $43 
14-Sep-09," $80,000 ", $101 ," $1,273 ", $39 
15-Sep-09," $91,500 ", $94 ," $1,388 ", $35 
16-Sep-09," $60,000 ", $86 ," $1,020 ", $46 
17-Sep-09," $47,000 ", $135 ," $1,250 ", $38 
18-Sep-09," $43,000 ", $128 ," $1,217 ", $35 
19-Sep-09," $62,500 ", $120 ," $1,148 ", $40 
20-Sep-09," $91,000 ", $128 ," $1,454 ", $44 
21-Sep-09," $102,500 ", $116 ," $1,201 ", $28 
22-Sep-09," $98,500 ", $105 ," $1,076 ", $49 
23-Sep-09," $62,000 ", $139 ," $1,052 ", $44 
24-Sep-09," $49,000 ", $113 ," $1,454 ", $448 
25-Sep-09," $60,500 ", $105 ," $1,336 ", $425 
26-Sep-09," $52,000 ", $120 ," $1,438 ", $490 
27-Sep-09," $60,000 ", $131 ," $1,218 ", $555 
28-Sep-09," $69,500 ", $83 ," $1,058 ", $433 
29-Sep-09," $108,500 ", $146 ," $1,364 ", $633 
30-Sep-09," $101,500 ", $131 ," $1,171 ", $605 
1-Oct-09," $91,000 "," $1,343 "," $1,083 ", $525 
2-Oct-09," $96,000 "," $1,275 "," $1,254 ", $503 
3-Oct-09," $112,500 "," $1,470 "," $1,088 ", $493 
4-Oct-09," $81,000 "," $1,665 "," $1,150 ", $520 
5-Oct-09," $76,500 "," $1,298 "," $1,365 ", $293 
6-Oct-09," $66,500 "," $1,898 "," $1,489 ", $440 
7-Oct-09," $127,500 "," $1,815 "," $1,153 ", $433 
8-Oct-09," $72,500 "," $1,575 "," $1,169 ", $400 
9-Oct-09," $79,500 "," $1,508 "," $1,394 ", $458 
10-Oct-09," $83,000 "," $1,478 "," $1,242 ", $300 
11-Oct-09," $80,500 "," $1,560 "," $1,154 ", $235 
12-Oct-09," $88,500 ", $878 ," $1,003 ", $215 
13-Oct-09," $107,500 "," $1,320 "," $1,364 ", $313 
14-Oct-09," $103,000 "," $1,298 "," $1,386 ", $455 
15-Oct-09," $110,000 "," $1,200 "," $1,474 ", $513 
16-Oct-09," $78,000 "," $1,373 "," $1,464 ", $493 
17-Oct-09," $93,000 ", $900 ," $1,154 ", $310 
18-Oct-09," $116,500 ", $705 ," $1,147 ", $245 
19-Oct-09," $60,000 ", $645 ," $1,356 ", $303 
20-Oct-09," $92,000 ", $938 ," $1,189 ", $260 
21-Oct-09," $75,000 "," $1,365 "," $1,004 ", $300 
22-Oct-09," $126,500 "," $1,538 "," $1,115 ", $348 
23-Oct-09," $82,500 "," $1,478 "," $1,333 ", $543 
24-Oct-09," $80,500 ", $930 ," $1,431 ", $508 
25-Oct-09," $93,500 ", $735 ," $1,352 ", $455 
26-Oct-09," $104,500 ", $908 ," $1,189 ", $480 
27-Oct-09," $101,500 ", $780 ," $1,398 ", $563 
28-Oct-09," $79,500 ", $900 ," $1,347 ", $405 
29-Oct-09," $87,500 "," $1,043 "," $1,026 ", $383 
30-Oct-09," $101,500 "," $1,628 "," $1,336 ", $333 
31-Oct-09," $90,500 "," $1,523 "," $1,064 ", $638 
1-Nov-09," $83,000 "," $1,365 "," $1,095 ", $363 
2-Nov-09," $93,000 "," $1,440 "," $1,305 ", $398 
3-Nov-09," $90,000 "," $1,688 "," $1,150 ", $415 
4-Nov-09," $58,000 "," $1,215 "," $1,040 ", $403 
5-Nov-09," $98,500 "," $1,148 "," $1,019 ", $443 
6-Nov-09," $104,500 ", $998 ," $1,409 ", $538 
7-Nov-09," $114,500 "," $1,913 "," $1,224 ", $515 
8-Nov-09," $90,500 "," $1,088 "," $1,415 ", $550 
9-Nov-09," $66,500 "," $1,193 "," $1,160 ", $390 
10-Nov-09," $86,000 "," $1,245 "," $1,166 ", $465 
11-Nov-09," $84,500 "," $1,208 "," $1,389 ", $583 
12-Nov-09," $65,000 "," $1,328 "," $1,390 ", $300 
13-Nov-09," $135,000 "," $1,613 "," $1,093 ", $460 
14-Nov-09," $119,500 "," $1,545 "," $1,322 ", $375 
15-Nov-09," $68,500 "," $1,650 "," $1,133 ", $633 
16-Nov-09," $82,000 "," $1,170 "," $1,112 ", $413 
17-Nov-09," $123,000 "," $1,395 "," $1,133 ", $403 
18-Nov-09," $119,000 "," $1,748 "," $1,361 ", $468 
19-Nov-09," $109,000 ", $900 ," $1,021 ", $523 
20-Nov-09," $125,500 "," $1,380 "," $1,070 ", $508 
21-Nov-09," $80,500 "," $1,125 "," $1,097 ", $398 
22-Nov-09," $67,000 "," $1,898 "," $1,137 ", $438 
23-Nov-09," $100,500 "," $1,238 "," $1,238 ", $508 
24-Nov-09," $105,500 "," $1,208 "," $1,356 ", $453 
25-Nov-09," $93,000 "," $1,403 "," $1,022 ", $415 
26-Nov-09," $132,500 "," $1,568 "," $1,474 ", $465 
27-Nov-09," $87,000 "," $1,523 "," $1,482 ", $450 
28-Nov-09," $55,500 "," $1,193 "," $1,303 ", $290 
29-Nov-09," $118,000 "," $1,313 "," $1,141 ", $493 
30-Nov-09," $74,000 "," $1,523 "," $1,169 ", $523 
1-Dec-09, $-   ," $1,358 "," $1,417 ", $573 
2-Dec-09, $-   ," $1,245 "," $1,435 ", $453 
3-Dec-09, $-   ," $1,395 "," $1,093 ", $333 
4-Dec-09, $-   ," $1,350 "," $1,072 ", $430 
5-Dec-09, $-   , $870 ," $1,421 ", $423 
6-Dec-09, $-   ," $1,478 "," $1,006 ", $325 
7-Dec-09, $-   ," $1,568 "," $1,196 ", $675 
8-Dec-09, $-   ," $1,718 "," $1,141 ", $598 
9-Dec-09, $-   ," $1,358 "," $1,048 ", $343 
10-Dec-09, $-   , $998 ," $1,227 ", $410 
11-Dec-09, $-   ," $1,290 "," $1,385 ", $615 
12-Dec-09, $-   ," $1,268 "," $1,359 ", $595 
13-Dec-09, $-   , $975 ," $1,044 ", $545 
14-Dec-09, $-   ," $2,025 "," $1,495 ", $628 
15-Dec-09, $-   ," $1,793 "," $1,375 ", $403 
16-Dec-09, $-   ," $1,028 "," $1,185 ", $335 
17-Dec-09, $-   ," $1,230 "," $1,218 ", $503 
18-Dec-09, $-   ," $1,845 "," $1,020 ", $528 
19-Dec-09, $-   ," $1,785 "," $1,171 ", $465 
20-Dec-09, $-   ," $1,635 "," $1,208 ", $663 
21-Dec-09, $-   ," $1,883 "," $1,449 ", $435 
22-Dec-09, $-   ," $1,208 "," $1,284 ", $278 
23-Dec-09, $-   ," $1,005 "," $1,151 ", $590 
24-Dec-09, $-   ," $1,508 "," $1,455 ", $370 
25-Dec-09, $-   ," $1,583 "," $1,003 ", $-   
26-Dec-09, $-   ," $1,395 "," $1,272 ", $-   
27-Dec-09, $-   ," $1,988 "," $1,396 ", $-   
28-Dec-09, $-   ," $1,305 "," $1,104 ", $-   
29-Dec-09, $-   , $833 ," $1,482 ", $-   
30-Dec-09, $-   ," $1,770 "," $1,362 ", $-   
31-Dec-09, $-   ," $1,110 "," $1,487 ", $-   
